temperature,x,y,z
221.5542848,4.24,0,2.45
220.3392602,4.24,2.45,0
221.1322675,4.24,0,-2.45
222.3562443,4.24,-2.45,0
220.9615351,2.45,0,4.24
219.2140933,2.45,4.24,0
220.3868245,2.45,0,-4.24
222.1432008,2.45,-4.24,0
222.9280329,4.9,0,0
