id,u,x,y,z
0,0.95658362042007,0.5,-0.9,0
0.575,2.64660281359,0.5,-0.325,0
1.15,-2.2110578584852,0.5,0.25,0
1.725,-1.8473258313108,0.5,0.825,0
2.3,0.22880461118954,0.5,1.4,0
