id,u,x,y,z
0,-1.1018382492446,-0.5,-0.9,0
0.575,-3.0657575989378,-0.5,-0.325,0
1.15,2.5360977137657,-0.5,0.25,0
1.725,2.0016608223546,-0.5,0.825,0
2.3,-0.341436174908,-0.5,1.4,0
