id,u,x,y,z
0,0.070049303825033,0.5,-0.9,0
0.575,0.17904008690396,0.5,-0.325,0
1.15,-0.039581325588423,0.5,0.25,0
1.725,-0.27682536394874,0.5,0.825,0
2.3,-0.12628952859263,0.5,1.4,0
0,0.11044541251413,-0.5,-0.9,0
0.575,0.31419415163403,-0.5,-0.325,0
1.15,0.1088574770053,-0.5,0.25,0
1.725,-0.14167129921868,-0.5,0.825,0
2.3,-0.085893419903529,-0.5,1.4,0
