id,u,x,y,z
0,0.27190806915307,-0.5,-0.9,0
0.575,1.422869221989,-0.5,-0.325,0
1.15,2.0199932599511,-0.5,0.25,0
1.725,1.8054788955459,-0.5,0.825,0
2.3,0.43110581591218,-0.5,1.4,0
0,0.30650555116343,0.5,-0.9,0
0.575,1.5406226895462,0.5,-0.325,0
1.15,2.1495379252665,0.5,0.25,0
1.725,1.9232323631031,0.5,0.825,0
2.3,0.46570329792254,0.5,1.4,0
