id,u,x,y,z
0,0.12167978288653,0.5,-0.9,0
0.575,0.45533154094397,0.5,-0.325,0
1.15,0.47326307589773,0.5,0.25,0
1.725,0.3925248098792,0.5,0.825,0
2.3,0.09631748263822,0.5,1.4,0
0,-0.0034929354865351,-0.5,-0.9,0
0.575,0.085617624411979,-0.5,-0.325,0
1.15,0.27245239918046,-0.5,0.25,0
1.725,0.27032670013135,-0.5,0.825,0
2.3,0.06274715505589,-0.5,1.4,0
